tile_id,south,west,north,east,status,attempts,feature_count,endpoint,timestamp,error
8.000000_77.250000,8.0,77.25,8.25,77.5,success,1,481,https://overpass.kumi.systems/api/interpreter,2026-09-15T18:27:32.105436+00:00,
8.000000_77.500000,8.0,77.5,8.25,77.75,success,1,3476,https://overpass.private.coffee/api/interpreter,2026-09-15T18:31:55.475272+00:00,
8.000000_93.000000,8.0,93.0,8.25,93.25,success,1,0,https://overpass.kumi.systems/api/interpreter,2026-09-15T18:32:53.908753+00:00,
8.000000_93.250000,8.0,93.25,8.25,93.5,success,1,4,https://overpass.kumi.systems/api/interpreter,2026-09-15T18:33:59.736261+00:00,
8.250000_76.750000,8.25,76.75,8.5,77.0,success,1,325,https://overpass.kumi.systems/api/interpreter,2026-09-15T18:36:04.335816+00:00,
8.000000_77.250000,8.0,77.25,8.25,77.5,success,481,22,cache,2026-09-15T18:38:58.811340+00:00,
8.000000_77.500000,8.0,77.5,8.25,77.75,success,3476,32,cache,2026-09-15T18:38:58.897162+00:00,
8.000000_93.000000,8.0,93.0,8.25,93.25,success,0,12,cache,2026-09-15T18:38:58.917258+00:00,
8.000000_93.250000,8.0,93.25,8.25,93.5,success,4,8,cache,2026-09-15T18:38:58.938396+00:00,
8.250000_76.750000,8.25,76.75,8.5,77.0,success,325,3,cache,2026-09-15T18:38:59.178217+00:00,
8.250000_77.000000,8.25,77.0,8.5,77.25,success,724,7,https://overpass.kumi.systems/api/interpreter,2026-09-15T18:40:01.245610+00:00,
8.250000_77.250000,8.25,77.25,8.5,77.5,success,266,146,https://overpass.kumi.systems/api/interpreter,2026-09-15T18:42:25.489879+00:00,
8.250000_77.500000,8.25,77.5,8.5,77.75,success,3481,37,https://overpass.kumi.systems/api/interpreter,2026-09-15T18:42:44.516260+00:00,
8.250000_77.750000,8.25,77.75,8.5,78.0,success,840,52,https://overpass.kumi.systems/api/interpreter,2026-09-15T18:43:00.727054+00:00,
8.250000_78.000000,8.25,78.0,8.5,78.25,success,115,15,https://overpass.kumi.systems/api/interpreter,2026-09-15T18:44:28.903667+00:00,
8.250000_93.000000,8.25,93.0,8.5,93.25,success,4,19,https://overpass.kumi.systems/api/interpreter,2026-09-15T18:44:42.269070+00:00,
8.500000_77.000000,8.5,77.0,8.75,77.25,success,476,20,https://overpass.private.coffee/api/interpreter,2026-09-15T18:48:16.721154+00:00,
8.500000_77.250000,8.5,77.25,8.75,77.5,success,203,29,https://overpass.kumi.systems/api/interpreter,2026-09-15T18:48:31.435443+00:00,
8.500000_77.500000,8.5,77.5,8.75,77.75,success,1024,56,https://overpass.private.coffee/api/interpreter,2026-09-15T18:53:47.215497+00:00,
8.500000_77.750000,8.5,77.75,8.75,78.0,success,651,62,https://overpass.kumi.systems/api/interpreter,2026-09-15T18:55:12.698841+00:00,
8.500000_78.000000,8.5,78.0,8.75,78.25,success,1037,75,https://overpass.kumi.systems/api/interpreter,2026-09-15T18:57:11.443914+00:00,
8.750000_76.500000,8.75,76.5,9.0,76.75,success,1030,7,https://overpass.kumi.systems/api/interpreter,2026-09-15T18:57:22.514600+00:00,
8.750000_76.750000,8.75,76.75,9.0,77.0,success,1198,7,https://overpass.kumi.systems/api/interpreter,2026-09-15T18:57:43.663565+00:00,
8.750000_77.000000,8.75,77.0,9.0,77.25,success,497,26,https://overpass.kumi.systems/api/interpreter,2026-09-15T19:00:03.741571+00:00,
8.750000_77.250000,8.75,77.25,9.0,77.5,success,1769,22,https://overpass.private.coffee/api/interpreter,2026-09-15T19:03:27.227708+00:00,
8.000000_77.250000,8.0,77.25,8.25,77.5,success,481,22,cache,2026-09-15T19:10:37.711241+00:00,
8.000000_77.500000,8.0,77.5,8.25,77.75,success,3476,32,cache,2026-09-15T19:10:37.785444+00:00,
8.000000_93.000000,8.0,93.0,8.25,93.25,success,0,12,cache,2026-09-15T19:10:37.799832+00:00,
8.000000_93.250000,8.0,93.25,8.25,93.5,success,4,8,cache,2026-09-15T19:10:37.822472+00:00,
8.250000_76.750000,8.25,76.75,8.5,77.0,success,325,3,cache,2026-09-15T19:10:37.851599+00:00,
8.250000_77.000000,8.25,77.0,8.5,77.25,success,724,7,cache,2026-09-15T19:10:37.885292+00:00,
8.250000_77.250000,8.25,77.25,8.5,77.5,success,266,146,cache,2026-09-15T19:10:37.942929+00:00,
8.250000_77.500000,8.25,77.5,8.5,77.75,success,3481,37,cache,2026-09-15T19:10:38.010768+00:00,
8.250000_77.750000,8.25,77.75,8.5,78.0,success,840,52,cache,2026-09-15T19:10:38.067304+00:00,
8.250000_78.000000,8.25,78.0,8.5,78.25,success,115,15,cache,2026-09-15T19:10:38.098059+00:00,
8.250000_93.000000,8.25,93.0,8.5,93.25,success,4,19,cache,2026-09-15T19:10:38.121440+00:00,
8.500000_77.000000,8.5,77.0,8.75,77.25,success,476,20,cache,2026-09-15T19:10:38.151508+00:00,
8.500000_77.250000,8.5,77.25,8.75,77.5,success,203,29,cache,2026-09-15T19:10:38.188007+00:00,
8.500000_77.500000,8.5,77.5,8.75,77.75,success,1024,56,cache,2026-09-15T19:10:38.246162+00:00,
8.500000_77.750000,8.5,77.75,8.75,78.0,success,651,62,cache,2026-09-15T19:10:38.302689+00:00,
8.500000_78.000000,8.5,78.0,8.75,78.25,success,1037,75,cache,2026-09-15T19:10:38.370843+00:00,
8.750000_76.500000,8.75,76.5,9.0,76.75,success,1030,7,cache,2026-09-15T19:10:38.403036+00:00,
8.750000_76.750000,8.75,76.75,9.0,77.0,success,1198,7,cache,2026-09-15T19:10:38.441817+00:00,
8.750000_77.000000,8.75,77.0,9.0,77.25,success,497,26,cache,2026-09-15T19:10:38.485826+00:00,
8.750000_77.250000,8.75,77.25,9.0,77.5,success,1769,22,cache,2026-09-15T19:10:38.536587+00:00,
8.750000_77.500000,8.75,77.5,9.0,77.75,success,4181,62,https://overpass.kumi.systems/api/interpreter,2026-09-15T19:21:41.183839+00:00,
8.750000_77.750000,8.75,77.75,9.0,78.0,success,2983,158,https://overpass.kumi.systems/api/interpreter,2026-09-15T19:23:47.676227+00:00,
9.000000_77.250000,9.0,77.25,9.25,77.5,success,1767,52,https://overpass.kumi.systems/api/interpreter,2026-09-15T19:27:56.492948+00:00,
9.250000_76.750000,9.25,76.75,9.5,77.0,failed,0,60,,2026-09-15T19:34:02.712658+00:00,"All Overpass endpoints failed. Last error: HTTPSConnectionPool(host='overpass.private.coffee', port=443): Read timed out. (read timeout=60)"
9.250000_78.750000,9.25,78.75,9.5,79.0,success,1087,121,https://overpass.private.coffee/api/interpreter,2026-09-15T19:37:30.000076+00:00,
9.500000_77.750000,9.5,77.75,9.75,78.0,success,1362,307,https://overpass.kumi.systems/api/interpreter,2026-09-15T19:38:04.440869+00:00,
9.750000_77.000000,9.75,77.0,10.0,77.25,failed,0,83,,2026-09-15T19:44:03.329415+00:00,"All Overpass endpoints failed. Last error: HTTPSConnectionPool(host='overpass.private.coffee', port=443): Read timed out. (read timeout=60)"
10.000000_76.000000,10.0,76.0,10.25,76.25,success,655,1,https://overpass.private.coffee/api/interpreter,2026-09-15T19:47:51.443429+00:00,
10.000000_78.000000,10.0,78.0,10.25,78.25,success,952,38,https://overpass.kumi.systems/api/interpreter,2026-09-15T19:49:54.026431+00:00,
10.250000_77.000000,10.25,77.0,10.5,77.25,success,440,105,https://overpass.kumi.systems/api/interpreter,2026-09-15T19:51:16.603621+00:00,
10.250000_79.000000,10.25,79.0,10.5,79.25,success,590,34,https://overpass.private.coffee/api/interpreter,2026-09-15T19:56:46.375867+00:00,
10.500000_77.250000,10.5,77.25,10.75,77.5,failed,0,36,,2026-09-15T20:03:07.914175+00:00,"All Overpass endpoints failed. Last error: HTTPSConnectionPool(host='overpass.private.coffee', port=443): Read timed out. (read timeout=60)"
10.500000_79.250000,10.5,79.25,10.75,79.5,success,1107,33,https://overpass.private.coffee/api/interpreter,2026-09-15T20:09:12.783320+00:00,
10.750000_77.250000,10.75,77.25,11.0,77.5,success,3447,28,https://overpass.private.coffee/api/interpreter,2026-09-15T20:13:04.504825+00:00,
10.750000_79.250000,10.75,79.25,11.0,79.5,success,1015,39,https://overpass.kumi.systems/api/interpreter,2026-09-15T20:13:44.407813+00:00,
11.000000_77.250000,11.0,77.25,11.25,77.5,success,1591,47,https://overpass.private.coffee/api/interpreter,2026-09-15T20:18:40.416672+00:00,
11.000000_79.250000,11.0,79.25,11.25,79.5,success,704,53,https://overpass.private.coffee/api/interpreter,2026-09-15T20:22:36.106384+00:00,
11.250000_77.250000,11.25,77.25,11.5,77.5,failed,0,66,,2026-09-15T20:28:56.901255+00:00,"All Overpass endpoints failed. Last error: HTTPSConnectionPool(host='overpass.private.coffee', port=443): Read timed out. (read timeout=60)"
11.250000_79.250000,11.25,79.25,11.5,79.5,failed,0,81,,2026-09-15T20:35:18.019100+00:00,"All Overpass endpoints failed. Last error: HTTPSConnectionPool(host='overpass.private.coffee', port=443): Read timed out. (read timeout=60)"
11.500000_77.250000,11.5,77.25,11.75,77.5,success,109,29,https://overpass.kumi.systems/api/interpreter,2026-09-15T20:36:06.591405+00:00,
11.500000_79.250000,11.5,79.25,11.75,79.5,success,2487,64,https://overpass.kumi.systems/api/interpreter,2026-09-15T20:37:29.687003+00:00,
11.750000_77.250000,11.75,77.25,12.0,77.5,success,107,69,https://overpass.kumi.systems/api/interpreter,2026-09-15T20:37:48.350266+00:00,
11.750000_79.250000,11.75,79.25,12.0,79.5,success,1042,126,https://overpass.kumi.systems/api/interpreter,2026-09-15T20:39:04.395363+00:00,
12.000000_76.750000,12.0,76.75,12.25,77.0,success,652,125,https://overpass.kumi.systems/api/interpreter,2026-09-15T20:39:17.500377+00:00,
12.000000_78.750000,12.0,78.75,12.25,79.0,failed,0,79,,2026-09-15T20:45:05.799305+00:00,"All Overpass endpoints failed. Last error: HTTPSConnectionPool(host='overpass.private.coffee', port=443): Read timed out. (read timeout=60)"
12.250000_76.000000,12.25,76.0,12.5,76.25,success,730,51,https://overpass.kumi.systems/api/interpreter,2026-09-15T20:45:15.073993+00:00,
12.250000_78.000000,12.25,78.0,12.5,78.25,success,1423,40,https://overpass.kumi.systems/api/interpreter,2026-09-15T20:46:23.535349+00:00,
12.250000_93.750000,12.25,93.75,12.5,94.0,success,0,5,https://overpass.kumi.systems/api/interpreter,2026-09-15T20:47:20.353831+00:00,
12.500000_76.500000,12.5,76.5,12.75,76.75,success,843,190,https://overpass.kumi.systems/api/interpreter,2026-09-15T20:47:25.932060+00:00,
12.500000_78.750000,12.5,78.75,12.75,79.0,success,26,210,https://overpass.kumi.systems/api/interpreter,2026-09-15T20:47:36.613647+00:00,
12.750000_75.000000,12.75,75.0,13.0,75.25,success,466,18,https://overpass.kumi.systems/api/interpreter,2026-09-15T20:47:53.875199+00:00,
12.750000_77.250000,12.75,77.25,13.0,77.5,success,1936,340,https://overpass.kumi.systems/api/interpreter,2026-09-15T20:48:15.909944+00:00,
12.750000_79.250000,12.75,79.25,13.0,79.5,success,1132,131,https://overpass.kumi.systems/api/interpreter,2026-09-15T20:48:23.722474+00:00,
13.000000_76.000000,13.0,76.0,13.25,76.25,success,1108,189,https://overpass.private.coffee/api/interpreter,2026-09-15T20:51:59.767980+00:00,
13.000000_78.000000,13.0,78.0,13.25,78.25,success,3481,313,https://overpass.kumi.systems/api/interpreter,2026-09-15T20:53:48.116149+00:00,
13.000000_80.250000,13.0,80.25,13.25,80.5,success,2971,23,https://overpass.private.coffee/api/interpreter,2026-09-15T20:56:22.898849+00:00,
13.250000_76.250000,13.25,76.25,13.5,76.5,success,891,158,https://overpass.private.coffee/api/interpreter,2026-09-15T21:00:48.945864+00:00,
13.250000_78.500000,13.25,78.5,13.5,78.75,success,392,155,https://overpass.kumi.systems/api/interpreter,2026-09-15T21:00:56.814916+00:00,
13.250000_92.750000,13.25,92.75,13.5,93.0,success,47,1,https://overpass.kumi.systems/api/interpreter,2026-09-15T21:03:15.606901+00:00,
13.500000_76.250000,13.5,76.25,13.75,76.5,success,504,120,https://overpass.kumi.systems/api/interpreter,2026-09-15T21:04:08.873254+00:00,
13.500000_78.250000,13.5,78.25,13.75,78.5,success,275,277,https://overpass.kumi.systems/api/interpreter,2026-09-15T21:04:35.157495+00:00,
13.750000_74.750000,13.75,74.75,14.0,75.0,success,13,17,https://overpass.kumi.systems/api/interpreter,2026-09-15T21:04:42.715194+00:00,
13.750000_76.750000,13.75,76.75,14.0,77.0,success,938,129,https://overpass.kumi.systems/api/interpreter,2026-09-15T21:04:51.430853+00:00,
13.750000_79.000000,13.75,79.0,14.0,79.25,success,31,315,https://overpass.kumi.systems/api/interpreter,2026-09-15T21:05:39.997789+00:00,
14.000000_75.250000,14.0,75.25,14.25,75.5,success,517,145,https://overpass.kumi.systems/api/interpreter,2026-09-15T21:05:57.510920+00:00,
14.000000_77.500000,14.0,77.5,14.25,77.75,success,1065,359,https://overpass.private.coffee/api/interpreter,2026-09-15T21:08:04.549736+00:00,
14.000000_79.500000,14.0,79.5,14.25,79.75,success,143,50,https://overpass.private.coffee/api/interpreter,2026-09-15T21:11:58.580762+00:00,
14.250000_76.000000,14.25,76.0,14.5,76.25,success,809,107,https://overpass.kumi.systems/api/interpreter,2026-09-15T21:12:08.056523+00:00,
14.250000_78.000000,14.25,78.0,14.5,78.25,success,647,321,https://overpass.kumi.systems/api/interpreter,2026-09-15T21:13:57.783785+00:00,
14.500000_74.250000,14.5,74.25,14.75,74.5,success,84,16,https://overpass.kumi.systems/api/interpreter,2026-09-15T21:14:01.500231+00:00,
14.500000_76.250000,14.5,76.25,14.75,76.5,success,1020,115,https://overpass.kumi.systems/api/interpreter,2026-09-15T21:15:08.612748+00:00,
14.500000_78.500000,14.5,78.5,14.75,78.75,success,1256,81,https://overpass.kumi.systems/api/interpreter,2026-09-15T21:16:40.056337+00:00,
14.750000_74.250000,14.75,74.25,15.0,74.5,success,253,7,https://overpass.private.coffee/api/interpreter,2026-09-15T21:19:46.907028+00:00,
14.750000_76.500000,14.75,76.5,15.0,76.75,success,610,204,https://overpass.kumi.systems/api/interpreter,2026-09-15T21:21:48.092824+00:00,
14.750000_78.500000,14.75,78.5,15.0,78.75,success,565,167,https://overpass.kumi.systems/api/interpreter,2026-09-15T21:22:59.734458+00:00,
15.000000_74.250000,15.0,74.25,15.25,74.5,success,3,8,https://overpass.kumi.systems/api/interpreter,2026-09-15T21:23:08.946317+00:00,
15.000000_76.500000,15.0,76.5,15.25,76.75,success,926,270,https://overpass.kumi.systems/api/interpreter,2026-09-15T21:23:15.488890+00:00,
15.000000_78.500000,15.0,78.5,15.25,78.75,success,239,444,https://overpass.private.coffee/api/interpreter,2026-09-15T21:25:25.973842+00:00,
15.250000_74.250000,15.25,74.25,15.5,74.5,success,136,56,https://overpass.kumi.systems/api/interpreter,2026-09-15T21:26:51.081588+00:00,
15.250000_76.250000,15.25,76.25,15.5,76.5,success,1347,104,https://overpass.kumi.systems/api/interpreter,2026-09-15T21:28:03.608728+00:00,
15.250000_78.500000,15.25,78.5,15.5,78.75,success,207,383,https://overpass.kumi.systems/api/interpreter,2026-09-15T21:28:07.325847+00:00,
15.500000_73.750000,15.5,73.75,15.75,74.0,success,1562,138,https://overpass.kumi.systems/api/interpreter,2026-09-15T21:28:15.309703+00:00,
15.500000_76.000000,15.5,76.0,15.75,76.25,success,744,45,https://overpass.kumi.systems/api/interpreter,2026-09-15T21:28:20.171843+00:00,
15.500000_78.000000,15.5,78.0,15.75,78.25,success,1566,155,https://overpass.kumi.systems/api/interpreter,2026-09-15T21:28:23.677494+00:00,
15.500000_80.250000,15.5,80.25,15.75,80.5,success,1,3,https://overpass.kumi.systems/api/interpreter,2026-09-15T21:29:02.327798+00:00,
15.750000_75.250000,15.75,75.25,16.0,75.5,success,620,200,https://overpass.kumi.systems/api/interpreter,2026-09-15T21:31:03.082562+00:00,
15.750000_77.500000,15.75,77.5,16.0,77.75,success,478,135,https://overpass.kumi.systems/api/interpreter,2026-09-15T21:31:18.015457+00:00,
15.750000_79.500000,15.75,79.5,16.0,79.75,success,147,125,https://overpass.kumi.systems/api/interpreter,2026-09-15T21:31:28.457758+00:00,
16.000000_73.750000,16.0,73.75,16.25,74.0,success,40,187,https://overpass.kumi.systems/api/interpreter,2026-09-15T21:31:38.651003+00:00,
16.000000_75.750000,16.0,75.75,16.25,76.0,success,664,160,https://overpass.private.coffee/api/interpreter,2026-09-15T21:34:20.201540+00:00,
16.000000_78.000000,16.0,78.0,16.25,78.25,success,469,123,https://overpass.kumi.systems/api/interpreter,2026-09-15T21:36:12.681434+00:00,
16.000000_80.000000,16.0,80.0,16.25,80.25,success,913,110,https://overpass.kumi.systems/api/interpreter,2026-09-15T21:37:26.524451+00:00,
16.250000_74.250000,16.25,74.25,16.5,74.5,success,5609,156,https://overpass.kumi.systems/api/interpreter,2026-09-15T21:39:26.346304+00:00,
16.250000_76.250000,16.25,76.25,16.5,76.5,success,185,152,https://overpass.private.coffee/api/interpreter,2026-09-15T21:42:38.930089+00:00,
16.250000_78.500000,16.25,78.5,16.5,78.75,success,196,115,https://overpass.kumi.systems/api/interpreter,2026-09-15T21:42:54.812796+00:00,
16.250000_80.500000,16.25,80.5,16.5,80.75,success,1282,370,https://overpass.kumi.systems/api/interpreter,2026-09-15T21:43:12.797392+00:00,
16.500000_73.750000,16.5,73.75,16.75,74.0,success,4,202,https://overpass.kumi.systems/api/interpreter,2026-09-15T21:43:22.547793+00:00,
16.500000_75.750000,16.5,75.75,16.75,76.0,success,1424,122,https://overpass.kumi.systems/api/interpreter,2026-09-15T21:44:47.178210+00:00,
16.500000_78.000000,16.5,78.0,16.75,78.25,success,699,150,https://overpass.kumi.systems/api/interpreter,2026-09-15T21:44:50.827654+00:00,
16.500000_80.000000,16.5,80.0,16.75,80.25,success,296,126,https://overpass.kumi.systems/api/interpreter,2026-09-15T21:44:56.528537+00:00,
16.500000_82.250000,16.5,82.25,16.75,82.5,success,14,6,https://overpass.kumi.systems/api/interpreter,2026-09-15T21:47:09.024300+00:00,
16.750000_75.000000,16.75,75.0,17.0,75.25,success,1623,51,https://overpass.kumi.systems/api/interpreter,2026-09-15T21:48:46.861883+00:00,
16.750000_77.250000,16.75,77.25,17.0,77.5,success,392,176,https://overpass.kumi.systems/api/interpreter,2026-09-15T21:49:00.409534+00:00,
16.750000_79.250000,16.75,79.25,17.0,79.5,success,747,99,https://overpass.private.coffee/api/interpreter,2026-09-15T21:51:33.311794+00:00,
16.750000_81.500000,16.75,81.5,17.0,81.75,success,1117,117,https://overpass.kumi.systems/api/interpreter,2026-09-15T21:53:05.625077+00:00,
17.000000_74.000000,17.0,74.0,17.25,74.25,success,2457,232,https://overpass.kumi.systems/api/interpreter,2026-09-15T21:53:53.186249+00:00,
17.000000_76.250000,17.0,76.25,17.25,76.5,success,634,195,https://overpass.kumi.systems/api/interpreter,2026-09-15T21:54:01.302204+00:00,
17.000000_78.250000,17.0,78.25,17.25,78.5,success,1480,135,https://overpass.kumi.systems/api/interpreter,2026-09-15T21:55:09.159688+00:00,
17.000000_80.500000,17.0,80.5,17.25,80.75,success,493,153,https://overpass.kumi.systems/api/interpreter,2026-09-15T21:55:15.001696+00:00,
17.250000_73.000000,17.25,73.0,17.5,73.25,success,122,13,https://overpass.private.coffee/api/interpreter,2026-09-15T21:58:15.555761+00:00,
17.250000_75.250000,17.25,75.25,17.5,75.5,success,353,53,https://overpass.private.coffee/api/interpreter,2026-09-15T22:00:41.978961+00:00,
17.250000_77.250000,17.25,77.25,17.5,77.5,success,411,196,https://overpass.kumi.systems/api/interpreter,2026-09-15T22:02:07.774190+00:00,
17.250000_79.500000,17.25,79.5,17.5,79.75,success,527,146,https://overpass.kumi.systems/api/interpreter,2026-09-15T22:02:17.224802+00:00,
17.250000_81.500000,17.25,81.5,17.5,81.75,success,134,279,https://overpass.kumi.systems/api/interpreter,2026-09-15T22:02:24.692517+00:00,
17.500000_73.500000,17.5,73.5,17.75,73.75,success,352,338,https://overpass.kumi.systems/api/interpreter,2026-09-15T22:02:58.016848+00:00,
17.500000_75.500000,17.5,75.5,17.75,75.75,success,4636,175,https://overpass.kumi.systems/api/interpreter,2026-09-15T22:04:12.870521+00:00,
17.500000_77.750000,17.5,77.75,17.75,78.0,success,417,279,https://overpass.kumi.systems/api/interpreter,2026-09-15T22:04:17.850054+00:00,
17.500000_79.750000,17.5,79.75,17.75,80.0,success,728,227,https://overpass.kumi.systems/api/interpreter,2026-09-15T22:04:54.429959+00:00,
17.500000_82.000000,17.5,82.0,17.75,82.25,success,0,370,https://overpass.kumi.systems/api/interpreter,2026-09-15T22:04:58.227682+00:00,
17.750000_73.500000,17.75,73.5,18.0,73.75,success,29,318,https://overpass.kumi.systems/api/interpreter,2026-09-15T22:05:07.357002+00:00,
17.750000_75.750000,17.75,75.75,18.0,76.0,success,1248,139,https://overpass.kumi.systems/api/interpreter,2026-09-15T22:05:47.410707+00:00,
17.750000_77.750000,17.75,77.75,18.0,78.0,success,84,131,https://overpass.kumi.systems/api/interpreter,2026-09-15T22:06:29.562718+00:00,
17.750000_80.000000,17.75,80.0,18.0,80.25,success,9,515,https://overpass.kumi.systems/api/interpreter,2026-09-15T22:08:17.348376+00:00,
17.750000_82.000000,17.75,82.0,18.0,82.25,success,106,351,https://overpass.kumi.systems/api/interpreter,2026-09-15T22:08:19.542732+00:00,
18.000000_73.250000,18.0,73.25,18.25,73.5,failed,0,509,,2026-09-15T22:12:33.860312+00:00,"All Overpass endpoints failed. Last error: HTTPSConnectionPool(host='overpass.private.coffee', port=443): Read timed out. (read timeout=60)"
18.000000_75.250000,18.0,75.25,18.25,75.5,failed,0,153,,2026-09-15T22:17:42.219707+00:00,"All Overpass endpoints failed. Last error: HTTPSConnectionPool(host='overpass.private.coffee', port=443): Read timed out. (read timeout=60)"
18.000000_77.500000,18.0,77.5,18.25,77.75,success,27,149,https://overpass.kumi.systems/api/interpreter,2026-09-15T22:17:47.560814+00:00,
18.000000_79.500000,18.0,79.5,18.25,79.75,success,915,284,https://overpass.kumi.systems/api/interpreter,2026-09-15T22:17:55.695596+00:00,
18.000000_81.750000,18.0,81.75,18.25,82.0,success,169,378,https://overpass.kumi.systems/api/interpreter,2026-09-15T22:18:03.788610+00:00,
18.000000_83.750000,18.0,83.75,18.25,84.0,success,26,45,https://overpass.kumi.systems/api/interpreter,2026-09-15T22:19:16.762257+00:00,
18.250000_74.500000,18.25,74.5,18.5,74.75,success,1047,189,https://overpass.private.coffee/api/interpreter,2026-09-15T22:22:08.876085+00:00,
18.250000_76.750000,18.25,76.75,18.5,77.0,success,760,92,https://overpass.kumi.systems/api/interpreter,2026-09-15T22:22:49.729247+00:00,
18.250000_78.750000,18.25,78.75,18.5,79.0,success,816,133,https://overpass.private.coffee/api/interpreter,2026-09-15T22:25:30.137257+00:00,
18.250000_81.000000,18.25,81.0,18.5,81.25,success,1,315,https://overpass.kumi.systems/api/interpreter,2026-09-15T22:26:16.889108+00:00,
18.250000_83.000000,18.25,83.0,18.5,83.25,success,120,248,https://overpass.kumi.systems/api/interpreter,2026-09-15T22:26:20.745552+00:00,
18.500000_73.750000,18.5,73.75,18.75,74.0,success,4239,149,https://overpass.private.coffee/api/interpreter,2026-09-15T22:29:01.521714+00:00,
18.500000_75.750000,18.5,75.75,18.75,76.0,success,1135,59,https://overpass.kumi.systems/api/interpreter,2026-09-15T22:29:46.544062+00:00,
18.500000_78.000000,18.5,78.0,18.75,78.25,success,959,451,https://overpass.kumi.systems/api/interpreter,2026-09-15T22:30:20.805176+00:00,
18.500000_80.000000,18.5,80.0,18.75,80.25,success,63,362,https://overpass.private.coffee/api/interpreter,2026-09-15T22:34:17.740238+00:00,
18.500000_82.250000,18.5,82.25,18.75,82.5,success,480,243,https://overpass.private.coffee/api/interpreter,2026-09-15T22:36:45.635260+00:00,
18.500000_84.250000,18.5,84.25,18.75,84.5,success,330,71,https://overpass.kumi.systems/api/interpreter,2026-09-15T22:37:58.405137+00:00,
18.750000_74.750000,18.75,74.75,19.0,75.0,success,912,127,https://overpass.kumi.systems/api/interpreter,2026-09-15T22:38:01.325070+00:00,
18.750000_76.750000,18.75,76.75,19.0,77.0,success,449,95,https://overpass.kumi.systems/api/interpreter,2026-09-15T22:38:08.839799+00:00,
18.750000_79.000000,18.75,79.0,19.0,79.25,success,637,262,https://overpass.kumi.systems/api/interpreter,2026-09-15T22:38:12.299077+00:00,
18.750000_81.000000,18.75,81.0,19.0,81.25,success,6,313,https://overpass.kumi.systems/api/interpreter,2026-09-15T22:38:17.245184+00:00,
18.750000_83.250000,18.75,83.25,19.0,83.5,success,36,328,https://overpass.kumi.systems/api/interpreter,2026-09-15T22:39:30.174069+00:00,
19.000000_73.250000,19.0,73.25,19.25,73.5,success,809,462,https://overpass.kumi.systems/api/interpreter,2026-09-15T22:39:34.435111+00:00,
19.000000_75.500000,19.0,75.5,19.25,75.75,success,1074,81,https://overpass.kumi.systems/api/interpreter,2026-09-15T22:39:40.155674+00:00,
19.000000_77.500000,19.0,77.5,19.25,77.75,success,239,194,https://overpass.kumi.systems/api/interpreter,2026-09-15T22:40:58.925722+00:00,
19.000000_79.750000,19.0,79.75,19.25,80.0,success,0,259,https://overpass.kumi.systems/api/interpreter,2026-09-15T22:41:12.751140+00:00,
19.000000_81.750000,19.0,81.75,19.25,82.0,success,484,84,https://overpass.kumi.systems/api/interpreter,2026-09-15T22:41:22.375830+00:00,
19.000000_84.000000,19.0,84.0,19.25,84.25,success,67,155,https://overpass.kumi.systems/api/interpreter,2026-09-15T22:43:07.419018+00:00,
19.250000_73.750000,19.25,73.75,19.5,74.0,success,552,203,https://overpass.kumi.systems/api/interpreter,2026-09-15T22:43:13.899175+00:00,
19.250000_76.000000,19.25,76.0,19.5,76.25,success,74,235,https://overpass.kumi.systems/api/interpreter,2026-09-15T22:44:27.920654+00:00,
19.250000_78.000000,19.25,78.0,19.5,78.25,success,133,218,https://overpass.kumi.systems/api/interpreter,2026-09-15T22:44:35.204320+00:00,
19.250000_80.250000,19.25,80.25,19.5,80.5,success,1,478,https://overpass.kumi.systems/api/interpreter,2026-09-15T22:45:13.376292+00:00,
19.250000_82.250000,19.25,82.25,19.5,82.5,success,174,135,https://overpass.kumi.systems/api/interpreter,2026-09-15T22:45:19.080076+00:00,
19.250000_84.500000,19.25,84.5,19.5,84.75,success,631,53,https://overpass.private.coffee/api/interpreter,2026-09-15T22:48:31.153455+00:00,
19.500000_74.000000,19.5,74.0,19.75,74.25,success,1086,105,https://overpass.kumi.systems/api/interpreter,2026-09-15T22:49:53.497062+00:00,
19.500000_76.250000,19.5,76.25,19.75,76.5,success,397,132,https://overpass.kumi.systems/api/interpreter,2026-09-15T22:51:02.317580+00:00,
19.500000_78.250000,19.5,78.25,19.75,78.5,success,164,305,https://overpass.private.coffee/api/interpreter,2026-09-15T22:54:19.344346+00:00,
19.500000_80.500000,19.5,80.5,19.75,80.75,success,0,497,https://overpass.kumi.systems/api/interpreter,2026-09-15T22:55:05.798070+00:00,
19.500000_82.500000,19.5,82.5,19.75,82.75,success,15,381,https://overpass.kumi.systems/api/interpreter,2026-09-15T22:55:10.417233+00:00,
19.500000_84.750000,19.5,84.75,19.75,85.0,success,211,64,https://overpass.kumi.systems/api/interpreter,2026-09-15T22:55:13.403284+00:00,
19.750000_73.750000,19.75,73.75,20.0,74.0,success,1726,165,https://overpass.kumi.systems/api/interpreter,2026-09-15T22:55:48.335702+00:00,
19.750000_76.000000,19.75,76.0,20.0,76.25,success,921,52,https://overpass.kumi.systems/api/interpreter,2026-09-15T22:57:00.480076+00:00,
19.750000_78.000000,19.75,78.0,20.0,78.25,success,260,162,https://overpass.kumi.systems/api/interpreter,2026-09-15T22:58:06.346227+00:00,
19.750000_80.250000,19.75,80.25,20.0,80.5,success,3,408,https://overpass.kumi.systems/api/interpreter,2026-09-15T22:58:45.191563+00:00,
19.750000_82.250000,19.75,82.25,20.0,82.5,success,4,437,https://overpass.kumi.systems/api/interpreter,2026-09-15T22:58:49.043972+00:00,
19.750000_84.500000,19.75,84.5,20.0,84.75,success,429,96,https://overpass.private.coffee/api/interpreter,2026-09-15T23:01:30.494558+00:00,
20.000000_72.750000,20.0,72.75,20.25,73.0,success,858,79,https://overpass.kumi.systems/api/interpreter,2026-09-15T23:02:46.344391+00:00,
20.000000_75.000000,20.0,75.0,20.25,75.25,success,426,95,https://overpass.kumi.systems/api/interpreter,2026-09-15T23:03:58.825315+00:00,
20.000000_77.000000,20.0,77.0,20.25,77.25,success,644,143,https://overpass.kumi.systems/api/interpreter,2026-09-15T23:05:08.098661+00:00,
20.000000_79.250000,20.0,79.25,20.25,79.5,success,760,74,https://overpass.kumi.systems/api/interpreter,2026-09-15T23:06:09.378941+00:00,
20.000000_81.250000,20.0,81.25,20.25,81.5,failed,0,145,,2026-09-15T23:10:36.030780+00:00,"All Overpass endpoints failed. Last error: HTTPSConnectionPool(host='overpass.nchc.org.tw', port=443): Max retries exceeded with url: /api/interpreter (Caused by NameResolutionError(""<urllib3.connection.HTTPSConnection object at 0x00000240FFE83D90>: Failed to resolve 'overpass.nchc.org.tw' ([Errno 11001] getaddrinfo failed)""))"
20.000000_83.500000,20.0,83.5,20.25,83.75,success,0,454,https://overpass.kumi.systems/api/interpreter,2026-09-15T23:12:28.830808+00:00,
20.000000_85.500000,20.0,85.5,20.25,85.75,success,1057,109,https://overpass.kumi.systems/api/interpreter,2026-09-15T23:12:37.451038+00:00,
20.250000_73.750000,20.25,73.75,20.5,74.0,success,184,133,https://overpass.kumi.systems/api/interpreter,2026-09-15T23:12:59.413664+00:00,
20.250000_75.750000,20.25,75.75,20.5,76.0,success,109,79,https://overpass.kumi.systems/api/interpreter,2026-09-15T23:13:51.651346+00:00,
20.250000_78.000000,20.25,78.0,20.5,78.25,success,439,214,https://overpass.kumi.systems/api/interpreter,2026-09-15T23:16:00.921131+00:00,
20.250000_80.000000,20.25,80.0,20.5,80.25,success,74,368,https://overpass.kumi.systems/api/interpreter,2026-09-15T23:16:54.596699+00:00,
20.250000_82.250000,20.25,82.25,20.5,82.5,success,0,462,https://overpass.kumi.systems/api/interpreter,2026-09-15T23:17:10.050182+00:00,
20.250000_84.250000,20.25,84.25,20.5,84.5,success,156,202,https://overpass.kumi.systems/api/interpreter,2026-09-15T23:18:40.435013+00:00,
20.250000_86.500000,20.25,86.5,20.5,86.75,failed,0,95,,2026-09-15T23:24:24.731826+00:00,"All Overpass endpoints failed. Last error: HTTPSConnectionPool(host='overpass.private.coffee', port=443): Read timed out. (read timeout=60)"
20.500000_74.000000,20.5,74.0,20.75,74.25,success,239,71,https://overpass.kumi.systems/api/interpreter,2026-09-15T23:26:21.439841+00:00,
20.500000_76.250000,20.5,76.25,20.75,76.5,success,582,54,https://overpass.kumi.systems/api/interpreter,2026-09-15T23:26:26.336461+00:00,
20.500000_78.250000,20.5,78.25,20.75,78.5,success,1543,59,https://overpass.kumi.systems/api/interpreter,2026-09-15T23:26:39.903180+00:00,
20.500000_80.250000,20.5,80.25,20.75,80.5,success,546,414,https://overpass.kumi.systems/api/interpreter,2026-09-15T23:28:18.530499+00:00,
20.500000_82.500000,20.5,82.5,20.75,82.75,success,135,272,https://overpass.kumi.systems/api/interpreter,2026-09-15T23:28:21.796247+00:00,
20.500000_84.500000,20.5,84.5,20.75,84.75,success,0,265,https://overpass.kumi.systems/api/interpreter,2026-09-15T23:30:34.834446+00:00,
20.500000_86.750000,20.5,86.75,20.75,87.0,success,0,16,https://overpass.private.coffee/api/interpreter,2026-09-15T23:32:37.446643+00:00,
20.750000_73.000000,20.75,73.0,21.0,73.25,success,1870,42,https://overpass.kumi.systems/api/interpreter,2026-09-15T23:32:41.945064+00:00,
20.750000_75.250000,20.75,75.25,21.0,75.5,success,94,82,https://overpass.kumi.systems/api/interpreter,2026-09-15T23:33:48.728528+00:00,
20.750000_77.250000,20.75,77.25,21.0,77.5,success,758,25,https://overpass.kumi.systems/api/interpreter,2026-09-15T23:33:56.495748+00:00,
20.750000_79.500000,20.75,79.5,21.0,79.75,success,279,120,https://overpass.kumi.systems/api/interpreter,2026-09-15T23:34:06.264429+00:00,
20.750000_81.500000,20.75,81.5,21.0,81.75,success,474,419,https://overpass.kumi.systems/api/interpreter,2026-09-15T23:34:08.808658+00:00,
20.750000_83.750000,20.75,83.75,21.0,84.0,success,342,400,https://overpass.kumi.systems/api/interpreter,2026-09-15T23:34:47.571700+00:00,
20.750000_85.750000,20.75,85.75,21.0,86.0,success,778,85,https://overpass.kumi.systems/api/interpreter,2026-09-15T23:35:06.506890+00:00,
21.000000_71.000000,21.0,71.0,21.25,71.25,success,573,37,https://overpass.kumi.systems/api/interpreter,2026-09-15T23:35:22.282622+00:00,
21.000000_73.250000,21.0,73.25,21.25,73.5,success,1662,78,https://overpass.kumi.systems/api/interpreter,2026-09-15T23:35:26.132196+00:00,
21.000000_75.500000,21.0,75.5,21.25,75.75,success,511,120,https://overpass.kumi.systems/api/interpreter,2026-09-15T23:35:28.839931+00:00,
21.000000_77.500000,21.0,77.5,21.25,77.75,success,712,22,https://overpass.kumi.systems/api/interpreter,2026-09-15T23:36:36.847556+00:00,
21.000000_79.750000,21.0,79.75,21.25,80.0,success,208,130,https://overpass.kumi.systems/api/interpreter,2026-09-15T23:36:39.212795+00:00,
21.000000_81.750000,21.0,81.75,21.25,82.0,success,498,443,https://overpass.kumi.systems/api/interpreter,2026-09-15T23:38:07.194912+00:00,
21.000000_84.000000,21.0,84.0,21.25,84.25,success,439,312,https://overpass.private.coffee/api/interpreter,2026-09-15T23:40:31.387621+00:00,
21.000000_86.000000,21.0,86.0,21.25,86.25,success,281,177,https://overpass.private.coffee/api/interpreter,2026-09-15T23:42:24.715730+00:00,
21.250000_71.000000,21.25,71.0,21.5,71.25,success,1040,92,https://overpass.kumi.systems/api/interpreter,2026-09-15T23:44:18.163060+00:00,
21.250000_73.250000,21.25,73.25,21.5,73.5,success,1204,138,https://overpass.kumi.systems/api/interpreter,2026-09-15T23:45:31.288724+00:00,
21.250000_75.500000,21.25,75.5,21.5,75.75,success,24,281,https://overpass.kumi.systems/api/interpreter,2026-09-15T23:46:03.314180+00:00,
21.250000_77.500000,21.25,77.5,21.5,77.75,success,168,149,https://overpass.kumi.systems/api/interpreter,2026-09-15T23:46:36.296197+00:00,
21.250000_79.750000,21.25,79.75,21.5,80.0,success,819,84,https://overpass.kumi.systems/api/interpreter,2026-09-15T23:48:26.989124+00:00,
21.250000_81.750000,21.25,81.75,21.5,82.0,success,679,474,https://overpass.kumi.systems/api/interpreter,2026-09-15T23:48:34.945949+00:00,
21.250000_84.000000,21.25,84.0,21.5,84.25,success,509,404,https://overpass.kumi.systems/api/interpreter,2026-09-15T23:48:40.502836+00:00,
21.250000_86.000000,21.25,86.0,21.5,86.25,success,0,238,https://overpass.private.coffee/api/interpreter,2026-09-15T23:51:37.554373+00:00,
21.500000_70.500000,21.5,70.5,21.75,70.75,success,1364,113,https://overpass.kumi.systems/api/interpreter,2026-09-15T23:52:44.526789+00:00,
21.500000_72.500000,21.5,72.5,21.75,72.75,success,1909,89,https://overpass.kumi.systems/api/interpreter,2026-09-15T23:53:18.148774+00:00,
21.500000_74.750000,21.5,74.75,21.75,75.0,success,248,38,https://overpass.kumi.systems/api/interpreter,2026-09-15T23:53:36.776482+00:00,
21.500000_76.750000,21.5,76.75,21.75,77.0,success,51,242,https://overpass.kumi.systems/api/interpreter,2026-09-15T23:54:50.757868+00:00,
21.500000_79.000000,21.5,79.0,21.75,79.25,success,92,131,https://overpass.kumi.systems/api/interpreter,2026-09-15T23:54:54.106102+00:00,
21.500000_81.000000,21.5,81.0,21.75,81.25,success,132,250,https://overpass.kumi.systems/api/interpreter,2026-09-15T23:55:27.478039+00:00,
21.500000_83.250000,21.5,83.25,21.75,83.5,success,239,405,https://overpass.kumi.systems/api/interpreter,2026-09-15T23:55:29.892321+00:00,
21.500000_85.250000,21.5,85.25,21.75,85.5,success,55,231,https://overpass.kumi.systems/api/interpreter,2026-09-15T23:55:40.988537+00:00,
21.500000_87.500000,21.5,87.5,21.75,87.75,success,19,30,https://overpass.kumi.systems/api/interpreter,2026-09-15T23:56:18.355055+00:00,
21.750000_70.500000,21.75,70.5,22.0,70.75,success,2348,125,https://overpass.kumi.systems/api/interpreter,2026-09-15T23:57:32.388179+00:00,
21.750000_73.000000,21.75,73.0,22.0,73.25,success,2014,105,https://overpass.kumi.systems/api/interpreter,2026-09-15T23:57:36.309502+00:00,
21.750000_75.000000,21.75,75.0,22.0,75.25,success,780,10,https://overpass.kumi.systems/api/interpreter,2026-09-15T23:58:43.208094+00:00,
21.750000_77.250000,21.75,77.25,22.0,77.5,success,182,202,https://overpass.private.coffee/api/interpreter,2026-09-16T00:02:57.710708+00:00,
21.750000_79.250000,21.75,79.25,22.0,79.5,success,121,213,https://overpass.kumi.systems/api/interpreter,2026-09-16T00:04:11.679325+00:00,
21.750000_81.500000,21.75,81.5,22.0,81.75,success,605,378,https://overpass.kumi.systems/api/interpreter,2026-09-16T00:05:22.611189+00:00,
21.750000_83.500000,21.75,83.5,22.0,83.75,success,460,466,https://overpass.kumi.systems/api/interpreter,2026-09-16T00:07:09.619074+00:00,
21.750000_85.750000,21.75,85.75,22.0,86.0,success,266,112,https://overpass.kumi.systems/api/interpreter,2026-09-16T00:08:17.328848+00:00,
21.750000_87.750000,21.75,87.75,22.0,88.0,success,103,13,https://overpass.kumi.systems/api/interpreter,2026-09-16T00:08:22.478674+00:00,
22.000000_70.750000,22.0,70.75,22.25,71.0,success,1819,72,https://overpass.kumi.systems/api/interpreter,2026-09-16T00:09:35.841396+00:00,
22.000000_72.750000,22.0,72.75,22.25,73.0,success,1001,112,https://overpass.kumi.systems/api/interpreter,2026-09-16T00:09:41.582401+00:00,
22.000000_75.000000,22.0,75.0,22.25,75.25,success,458,43,https://overpass.kumi.systems/api/interpreter,2026-09-16T00:10:29.145449+00:00,
22.000000_77.000000,22.0,77.0,22.25,77.25,success,76,291,https://overpass.kumi.systems/api/interpreter,2026-09-16T00:12:46.850512+00:00,
22.000000_79.250000,22.0,79.25,22.25,79.5,success,853,533,https://overpass.kumi.systems/api/interpreter,2026-09-16T00:12:55.574263+00:00,
22.000000_81.250000,22.0,81.25,22.25,81.5,success,394,110,https://overpass.kumi.systems/api/interpreter,2026-09-16T00:12:58.972261+00:00,
22.000000_83.500000,22.0,83.5,22.25,83.75,success,334,412,https://overpass.kumi.systems/api/interpreter,2026-09-16T00:13:45.508909+00:00,
22.000000_85.500000,22.0,85.5,22.25,85.75,success,543,106,https://overpass.kumi.systems/api/interpreter,2026-09-16T00:13:53.112706+00:00,
22.000000_87.750000,22.0,87.75,22.25,88.0,success,337,11,https://overpass.kumi.systems/api/interpreter,2026-09-16T00:14:33.308590+00:00,
22.250000_68.750000,22.25,68.75,22.5,69.0,success,394,12,https://overpass.private.coffee/api/interpreter,2026-09-16T00:17:33.617284+00:00,
22.250000_70.750000,22.25,70.75,22.5,71.0,success,1714,61,https://overpass.kumi.systems/api/interpreter,2026-09-16T00:18:42.893391+00:00,
22.250000_73.000000,22.25,73.0,22.5,73.25,success,3394,63,https://overpass.kumi.systems/api/interpreter,2026-09-16T00:18:47.872895+00:00,
22.250000_75.000000,22.25,75.0,22.5,75.25,success,261,79,https://overpass.private.coffee/api/interpreter,2026-09-16T00:21:19.199782+00:00,
22.250000_77.250000,22.25,77.25,22.5,77.5,success,478,442,https://overpass.kumi.systems/api/interpreter,2026-09-16T00:22:07.611725+00:00,
22.250000_79.250000,22.25,79.25,22.5,79.5,success,77,363,https://overpass.private.coffee/api/interpreter,2026-09-16T00:25:23.508453+00:00,
22.250000_81.500000,22.25,81.5,22.5,81.75,success,77,90,https://overpass.kumi.systems/api/interpreter,2026-09-16T00:25:36.016269+00:00,
22.250000_83.500000,22.25,83.5,22.5,83.75,success,164,131,https://overpass.kumi.systems/api/interpreter,2026-09-16T00:26:08.637287+00:00,
22.250000_85.750000,22.25,85.75,22.5,86.0,success,290,85,https://overpass.kumi.systems/api/interpreter,2026-09-16T00:27:23.363784+00:00,
22.250000_87.750000,22.25,87.75,22.5,88.0,success,840,36,https://overpass.kumi.systems/api/interpreter,2026-09-16T00:27:28.910495+00:00,
22.500000_70.250000,22.5,70.25,22.75,70.5,failed,0,141,,2026-09-16T00:31:37.034610+00:00,"All Overpass endpoints failed. Last error: HTTPSConnectionPool(host='overpass.private.coffee', port=443): Read timed out. (read timeout=60)"
22.500000_72.250000,22.5,72.25,22.75,72.5,success,1997,136,https://overpass.private.coffee/api/interpreter,2026-09-16T00:34:18.196686+00:00,
22.500000_74.500000,22.5,74.5,22.75,74.75,success,571,3,https://overpass.kumi.systems/api/interpreter,2026-09-16T00:36:00.508242+00:00,
22.500000_76.500000,22.5,76.5,22.75,76.75,failed,0,336,,2026-09-16T00:40:58.541739+00:00,"All Overpass endpoints failed. Last error: HTTPSConnectionPool(host='overpass.private.coffee', port=443): Read timed out. (read timeout=60)"
22.500000_78.750000,22.5,78.75,22.75,79.0,success,9,266,https://overpass.kumi.systems/api/interpreter,2026-09-16T00:42:06.561897+00:00,
22.500000_80.750000,22.5,80.75,22.75,81.0,success,1,38,https://overpass.kumi.systems/api/interpreter,2026-09-16T00:42:11.248566+00:00,
22.500000_83.000000,22.5,83.0,22.75,83.25,success,36,154,https://overpass.private.coffee/api/interpreter,2026-09-16T00:45:12.391045+00:00,
22.500000_85.000000,22.5,85.0,22.75,85.25,success,121,130,https://overpass.kumi.systems/api/interpreter,2026-09-16T00:45:14.866718+00:00,
22.500000_87.250000,22.5,87.25,22.75,87.5,success,540,166,https://overpass.kumi.systems/api/interpreter,2026-09-16T00:46:58.204305+00:00,
22.500000_93.000000,22.5,93.0,22.75,93.25,success,3,123,https://overpass.kumi.systems/api/interpreter,2026-09-16T00:47:44.298433+00:00,
22.750000_70.750000,22.75,70.75,23.0,71.0,success,2571,127,https://overpass.kumi.systems/api/interpreter,2026-09-16T00:47:53.544181+00:00,
22.750000_72.750000,22.75,72.75,23.0,73.0,success,1795,13,https://overpass.kumi.systems/api/interpreter,2026-09-16T00:48:02.543413+00:00,
22.750000_75.000000,22.75,75.0,23.0,75.25,success,539,101,https://overpass.kumi.systems/api/interpreter,2026-09-16T00:48:06.105828+00:00,
22.750000_77.000000,22.75,77.0,23.0,77.25,success,39,376,https://overpass.kumi.systems/api/interpreter,2026-09-16T00:48:10.178524+00:00,
22.750000_79.250000,22.75,79.25,23.0,79.5,success,712,336,https://overpass.kumi.systems/api/interpreter,2026-09-16T00:48:45.498139+00:00,
22.750000_81.250000,22.75,81.25,23.0,81.5,success,424,33,https://overpass.kumi.systems/api/interpreter,2026-09-16T00:48:48.360492+00:00,
22.750000_83.500000,22.75,83.5,23.0,83.75,success,8,118,https://overpass.private.coffee/api/interpreter,2026-09-16T00:51:41.912211+00:00,
22.750000_85.500000,22.75,85.5,23.0,85.75,success,56,153,https://overpass.kumi.systems/api/interpreter,2026-09-16T00:52:19.681853+00:00,
22.750000_87.750000,22.75,87.75,23.0,88.0,success,803,165,https://overpass.kumi.systems/api/interpreter,2026-09-16T00:52:59.671364+00:00,
23.000000_68.500000,23.0,68.5,23.25,68.75,success,330,20,https://overpass.kumi.systems/api/interpreter,2026-09-16T00:53:31.972575+00:00,
23.000000_70.750000,23.0,70.75,23.25,71.0,success,1148,82,https://overpass.kumi.systems/api/interpreter,2026-09-16T00:54:11.895726+00:00,
23.000000_72.750000,23.0,72.75,23.25,73.0,success,2967,3,https://overpass.kumi.systems/api/interpreter,2026-09-16T00:54:43.506857+00:00,
23.000000_75.000000,23.0,75.0,23.25,75.25,success,554,63,https://overpass.kumi.systems/api/interpreter,2026-09-16T00:54:46.268558+00:00,
23.000000_77.000000,23.0,77.0,23.25,77.25,success,604,204,https://overpass.kumi.systems/api/interpreter,2026-09-16T00:55:25.041353+00:00,
23.000000_79.250000,23.0,79.25,23.25,79.5,success,521,282,https://overpass.private.coffee/api/interpreter,2026-09-16T00:59:32.267465+00:00,
23.000000_81.250000,23.0,81.25,23.25,81.5,success,671,102,https://overpass.kumi.systems/api/interpreter,2026-09-16T01:01:47.087806+00:00,
23.000000_83.500000,23.0,83.5,23.25,83.75,success,0,208,https://overpass.kumi.systems/api/interpreter,2026-09-16T01:02:31.413336+00:00,
23.000000_85.500000,23.0,85.5,23.25,85.75,success,414,90,https://overpass.kumi.systems/api/interpreter,2026-09-16T01:02:34.492784+00:00,
23.000000_87.750000,23.0,87.75,23.25,88.0,success,401,225,https://overpass.kumi.systems/api/interpreter,2026-09-16T01:02:40.199350+00:00,
23.000000_92.500000,23.0,92.5,23.25,92.75,success,13,374,https://overpass.private.coffee/api/interpreter,2026-09-16T01:05:01.891040+00:00,
23.250000_69.750000,23.25,69.75,23.5,70.0,success,1185,91,https://overpass.private.coffee/api/interpreter,2026-09-16T01:09:22.900800+00:00,
23.250000_72.000000,23.25,72.0,23.5,72.25,success,1253,50,https://overpass.kumi.systems/api/interpreter,2026-09-16T01:09:56.233738+00:00,
23.250000_74.250000,23.25,74.25,23.5,74.5,success,161,99,https://overpass.kumi.systems/api/interpreter,2026-09-16T01:10:00.181027+00:00,
23.250000_76.250000,23.25,76.25,23.5,76.5,success,649,169,https://overpass.private.coffee/api/interpreter,2026-09-16T01:12:06.877685+00:00,
23.250000_78.500000,23.25,78.5,23.5,78.75,success,219,255,https://overpass.kumi.systems/api/interpreter,2026-09-16T01:12:13.405826+00:00,
23.250000_80.500000,23.25,80.5,23.5,80.75,success,149,126,https://overpass.kumi.systems/api/interpreter,2026-09-16T01:12:23.196166+00:00,
23.250000_82.750000,23.25,82.75,23.5,83.0,success,416,80,https://overpass.kumi.systems/api/interpreter,2026-09-16T01:12:28.344147+00:00,
23.250000_84.750000,23.25,84.75,23.5,85.0,success,1473,23,https://overpass.kumi.systems/api/interpreter,2026-09-16T01:12:36.625278+00:00,
23.250000_87.250000,23.25,87.25,23.5,87.5,success,1000,265,https://overpass.kumi.systems/api/interpreter,2026-09-16T01:14:56.237637+00:00,
23.250000_91.750000,23.25,91.75,23.5,92.0,success,5,64,https://overpass.kumi.systems/api/interpreter,2026-09-16T01:16:05.416044+00:00,
23.500000_69.250000,23.5,69.25,23.75,69.5,success,159,179,https://overpass.private.coffee/api/interpreter,2026-09-16T01:18:05.014092+00:00,
23.500000_71.750000,23.5,71.75,23.75,72.0,success,1161,34,https://overpass.kumi.systems/api/interpreter,2026-09-16T01:19:52.077020+00:00,
23.500000_74.000000,23.5,74.0,23.75,74.25,success,292,48,https://overpass.kumi.systems/api/interpreter,2026-09-16T01:21:06.318024+00:00,
23.500000_76.000000,23.5,76.0,23.75,76.25,success,401,173,https://overpass.kumi.systems/api/interpreter,2026-09-16T01:21:11.163981+00:00,
23.500000_78.250000,23.5,78.25,23.75,78.5,success,85,444,https://overpass.kumi.systems/api/interpreter,2026-09-16T01:23:24.954021+00:00,
23.500000_80.250000,23.5,80.25,23.75,80.5,success,282,259,https://overpass.kumi.systems/api/interpreter,2026-09-16T01:23:53.218085+00:00,
23.500000_82.250000,23.5,82.25,23.75,82.5,success,0,382,https://overpass.kumi.systems/api/interpreter,2026-09-16T01:23:55.780663+00:00,
23.500000_84.500000,23.5,84.5,23.75,84.75,success,1100,145,https://overpass.kumi.systems/api/interpreter,2026-09-16T01:25:12.046741+00:00,
23.500000_86.500000,23.5,86.5,23.75,86.75,success,1777,99,https://overpass.kumi.systems/api/interpreter,2026-09-16T01:26:21.828789+00:00,
23.500000_91.000000,23.5,91.0,23.75,91.25,success,821,9,https://overpass.kumi.systems/api/interpreter,2026-09-16T01:27:03.455813+00:00,
23.500000_93.000000,23.5,93.0,23.75,93.25,success,2,200,https://overpass.kumi.systems/api/interpreter,2026-09-16T01:27:07.728736+00:00,
23.750000_70.500000,23.75,70.5,24.0,70.75,success,226,5,https://overpass.kumi.systems/api/interpreter,2026-09-16T01:27:12.491693+00:00,
23.750000_72.500000,23.75,72.5,24.0,72.75,success,2455,7,https://overpass.kumi.systems/api/interpreter,2026-09-16T01:28:30.404364+00:00,
23.750000_74.750000,23.75,74.75,24.0,75.0,success,173,62,https://overpass.kumi.systems/api/interpreter,2026-09-16T01:28:35.063589+00:00,
23.750000_76.750000,23.75,76.75,24.0,77.0,success,489,115,https://overpass.kumi.systems/api/interpreter,2026-09-16T01:30:16.125506+00:00,
23.750000_79.000000,23.75,79.0,24.0,79.25,success,781,187,https://overpass.kumi.systems/api/interpreter,2026-09-16T01:30:24.656095+00:00,
23.750000_81.000000,23.75,81.0,24.0,81.25,success,45,109,https://overpass.private.coffee/api/interpreter,2026-09-16T01:33:20.839022+00:00,
23.750000_83.250000,23.75,83.25,24.0,83.5,success,0,172,https://overpass.private.coffee/api/interpreter,2026-09-16T01:35:41.414201+00:00,
23.750000_85.250000,23.75,85.25,24.0,85.5,success,316,224,https://overpass.kumi.systems/api/interpreter,2026-09-16T01:35:46.128658+00:00,
23.750000_87.500000,23.75,87.5,24.0,87.75,success,927,108,https://overpass.kumi.systems/api/interpreter,2026-09-16T01:35:50.075957+00:00,
23.750000_92.000000,23.75,92.0,24.0,92.25,success,76,476,https://overpass.kumi.systems/api/interpreter,2026-09-16T01:35:52.295780+00:00,
24.000000_69.250000,24.0,69.25,24.25,69.5,success,489,123,https://overpass.kumi.systems/api/interpreter,2026-09-16T01:36:31.028394+00:00,
24.000000_72.500000,24.0,72.5,24.25,72.75,success,1188,17,https://overpass.kumi.systems/api/interpreter,2026-09-16T01:36:46.012214+00:00,
24.000000_74.750000,24.0,74.75,24.25,75.0,success,453,68,https://overpass.private.coffee/api/interpreter,2026-09-16T01:39:08.504902+00:00,
24.000000_76.750000,24.0,76.75,24.25,77.0,success,248,67,https://overpass.kumi.systems/api/interpreter,2026-09-16T01:39:48.334130+00:00,
24.000000_79.000000,24.0,79.0,24.25,79.25,success,279,193,https://overpass.private.coffee/api/interpreter,2026-09-16T01:43:51.731932+00:00,
24.000000_81.000000,24.0,81.0,24.25,81.25,success,716,89,https://overpass.kumi.systems/api/interpreter,2026-09-16T01:45:00.352085+00:00,
24.000000_83.250000,24.0,83.25,24.25,83.5,success,174,149,https://overpass.kumi.systems/api/interpreter,2026-09-16T01:46:07.281808+00:00,
24.000000_85.250000,24.0,85.25,24.25,85.5,success,188,127,https://overpass.kumi.systems/api/interpreter,2026-09-16T01:46:22.280316+00:00,
24.000000_87.500000,24.0,87.5,24.25,87.75,success,236,94,https://overpass.kumi.systems/api/interpreter,2026-09-16T01:46:55.463324+00:00,
24.000000_92.000000,24.0,92.0,24.25,92.25,success,494,248,https://overpass.kumi.systems/api/interpreter,2026-09-16T01:47:46.508417+00:00,
24.000000_94.250000,24.0,94.25,24.25,94.5,success,16,4,https://overpass.kumi.systems/api/interpreter,2026-09-16T01:48:26.925449+00:00,
24.250000_72.750000,24.25,72.75,24.5,73.0,success,211,83,https://overpass.kumi.systems/api/interpreter,2026-09-16T01:49:21.579861+00:00,
24.250000_75.000000,24.25,75.0,24.5,75.25,success,327,50,https://overpass.private.coffee/api/interpreter,2026-09-16T01:53:34.166613+00:00,
24.250000_77.000000,24.25,77.0,24.5,77.25,success,146,146,https://overpass.kumi.systems/api/interpreter,2026-09-16T01:53:38.624009+00:00,
24.250000_79.250000,24.25,79.25,24.5,79.5,success,199,340,https://overpass.kumi.systems/api/interpreter,2026-09-16T01:54:16.529269+00:00,
24.250000_81.250000,24.25,81.25,24.5,81.5,success,1657,200,https://overpass.kumi.systems/api/interpreter,2026-09-16T01:55:46.355726+00:00,
24.250000_83.500000,24.25,83.5,24.5,83.75,success,79,74,https://overpass.kumi.systems/api/interpreter,2026-09-16T01:55:48.941268+00:00,
24.250000_85.500000,24.25,85.5,24.5,85.75,success,646,60,https://overpass.kumi.systems/api/interpreter,2026-09-16T01:56:58.688547+00:00,
24.250000_87.750000,24.25,87.75,24.5,88.0,success,555,206,https://overpass.kumi.systems/api/interpreter,2026-09-16T01:57:01.616680+00:00,
24.250000_93.000000,24.25,93.0,24.5,93.25,failed,0,209,,2026-09-16T02:02:03.136634+00:00,"All Overpass endpoints failed. Last error: HTTPSConnectionPool(host='overpass.private.coffee', port=443): Read timed out. (read timeout=60)"
24.500000_72.000000,24.5,72.0,24.75,72.25,success,1381,19,https://overpass.kumi.systems/api/interpreter,2026-09-16T02:02:43.042266+00:00,
24.500000_74.000000,24.5,74.0,24.75,74.25,success,555,36,https://overpass.kumi.systems/api/interpreter,2026-09-16T02:03:16.487453+00:00,
24.500000_76.250000,24.5,76.25,24.75,76.5,success,373,163,https://overpass.kumi.systems/api/interpreter,2026-09-16T02:03:24.047030+00:00,
24.500000_78.250000,24.5,78.25,24.75,78.5,success,264,175,https://overpass.kumi.systems/api/interpreter,2026-09-16T02:03:28.265893+00:00,
24.500000_80.500000,24.5,80.5,24.75,80.75,success,1338,425,https://overpass.private.coffee/api/interpreter,2026-09-16T02:08:02.742218+00:00,
24.500000_82.500000,24.5,82.5,24.75,82.75,success,12,62,https://overpass.kumi.systems/api/interpreter,2026-09-16T02:08:04.492399+00:00,
24.500000_84.750000,24.5,84.75,24.75,85.0,success,1597,28,https://overpass.kumi.systems/api/interpreter,2026-09-16T02:08:13.627707+00:00,
24.500000_86.750000,24.5,86.75,24.75,87.0,success,103,39,https://overpass.kumi.systems/api/interpreter,2026-09-16T02:09:54.544576+00:00,
24.500000_93.000000,24.5,93.0,24.75,93.25,success,25,146,https://overpass.private.coffee/api/interpreter,2026-09-16T02:11:53.132589+00:00,
24.750000_72.250000,24.75,72.25,25.0,72.5,failed,0,5,,2026-09-16T02:17:16.797707+00:00,"All Overpass endpoints failed. Last error: HTTPSConnectionPool(host='overpass.private.coffee', port=443): Read timed out. (read timeout=60)"
24.750000_74.500000,24.75,74.5,25.0,74.75,success,1246,48,https://overpass.kumi.systems/api/interpreter,2026-09-16T02:18:57.687957+00:00,
24.750000_76.500000,24.75,76.5,25.0,76.75,success,739,326,https://overpass.kumi.systems/api/interpreter,2026-09-16T02:19:02.916471+00:00,
24.750000_78.750000,24.75,78.75,25.0,79.0,success,408,55,https://overpass.kumi.systems/api/interpreter,2026-09-16T02:20:09.913310+00:00,
24.750000_80.750000,24.75,80.75,25.0,81.0,success,86,188,https://overpass.kumi.systems/api/interpreter,2026-09-16T02:20:13.046642+00:00,
24.750000_83.000000,24.75,83.0,25.0,83.25,success,498,57,https://overpass.kumi.systems/api/interpreter,2026-09-16T02:20:48.385718+00:00,
24.750000_85.000000,24.75,85.0,25.0,85.25,success,956,120,https://overpass.kumi.systems/api/interpreter,2026-09-16T02:22:33.040783+00:00,
24.750000_87.250000,24.75,87.25,25.0,87.5,success,408,186,https://overpass.kumi.systems/api/interpreter,2026-09-16T02:22:40.517494+00:00,
24.750000_93.250000,24.75,93.25,25.0,93.5,success,191,329,https://overpass.private.coffee/api/interpreter,2026-09-16T02:25:38.938590+00:00,
25.000000_72.500000,25.0,72.5,25.25,72.75,success,391,11,https://overpass.kumi.systems/api/interpreter,2026-09-16T02:27:50.554629+00:00,
25.000000_74.500000,25.0,74.5,25.25,74.75,failed,0,33,,2026-09-16T02:32:22.098902+00:00,"All Overpass endpoints failed. Last error: HTTPSConnectionPool(host='overpass.private.coffee', port=443): Read timed out. (read timeout=60)"
25.000000_76.500000,25.0,76.5,25.25,76.75,success,306,322,https://overpass.private.coffee/api/interpreter,2026-09-16T02:34:48.184676+00:00,
25.000000_78.750000,25.0,78.75,25.25,79.0,success,238,33,https://overpass.kumi.systems/api/interpreter,2026-09-16T02:36:00.016273+00:00,
25.000000_81.000000,25.0,81.0,25.25,81.25,success,322,75,https://overpass.kumi.systems/api/interpreter,2026-09-16T02:37:14.525990+00:00,
25.000000_83.250000,25.0,83.25,25.25,83.5,failed,0,349,,2026-09-16T02:40:50.836033+00:00,"All Overpass endpoints failed. Last error: HTTPSConnectionPool(host='overpass.nchc.org.tw', port=443): Max retries exceeded with url: /api/interpreter (Caused by NameResolutionError(""<urllib3.connection.HTTPSConnection object at 0x00000240FFE802D0>: Failed to resolve 'overpass.nchc.org.tw' ([Errno 11001] getaddrinfo failed)""))"
25.000000_85.250000,25.0,85.25,25.25,85.5,success,1167,240,https://overpass.kumi.systems/api/interpreter,2026-09-16T02:40:57.205430+00:00,
25.000000_87.500000,25.0,87.5,25.25,87.75,success,949,245,https://overpass.kumi.systems/api/interpreter,2026-09-16T02:41:04.565301+00:00,
25.000000_90.750000,25.0,90.75,25.25,91.0,success,1,36,https://overpass.kumi.systems/api/interpreter,2026-09-16T02:42:16.369281+00:00,
25.000000_93.000000,25.0,93.0,25.25,93.25,success,33,256,https://overpass.kumi.systems/api/interpreter,2026-09-16T02:42:19.201264+00:00,
25.250000_71.750000,25.25,71.75,25.5,72.0,success,142,13,https://overpass.kumi.systems/api/interpreter,2026-09-16T02:42:36.794695+00:00,
25.250000_74.750000,25.25,74.75,25.5,75.0,success,366,10,https://overpass.kumi.systems/api/interpreter,2026-09-16T02:43:24.403459+00:00,
25.250000_76.750000,25.25,76.75,25.5,77.0,success,1,302,https://overpass.kumi.systems/api/interpreter,2026-09-16T02:44:23.657331+00:00,
25.250000_79.000000,25.25,79.0,25.5,79.25,success,435,121,https://overpass.kumi.systems/api/interpreter,2026-09-16T02:44:36.158677+00:00,
25.250000_81.000000,25.25,81.0,25.5,81.25,success,541,87,https://overpass.kumi.systems/api/interpreter,2026-09-16T02:45:43.769179+00:00,
25.250000_83.250000,25.25,83.25,25.5,83.5,success,622,310,https://overpass.private.coffee/api/interpreter,2026-09-16T02:48:31.985695+00:00,
25.250000_85.250000,25.25,85.25,25.5,85.5,success,888,160,https://overpass.kumi.systems/api/interpreter,2026-09-16T02:48:38.429926+00:00,
25.250000_87.500000,25.25,87.5,25.5,87.75,success,426,28,https://overpass.kumi.systems/api/interpreter,2026-09-16T02:50:50.817044+00:00,
25.250000_90.250000,25.25,90.25,25.5,90.5,success,0,119,https://overpass.kumi.systems/api/interpreter,2026-09-16T02:52:34.318455+00:00,
25.250000_92.500000,25.25,92.5,25.5,92.75,success,149,379,https://overpass.private.coffee/api/interpreter,2026-09-16T02:54:35.767159+00:00,
25.250000_94.500000,25.25,94.5,25.5,94.75,success,0,201,https://overpass.private.coffee/api/interpreter,2026-09-16T02:58:56.742658+00:00,
25.500000_73.500000,25.5,73.5,25.75,73.75,success,293,19,https://overpass.kumi.systems/api/interpreter,2026-09-16T02:59:39.046556+00:00,
25.500000_76.500000,25.5,76.5,25.75,76.75,success,229,546,https://overpass.kumi.systems/api/interpreter,2026-09-16T03:00:20.542003+00:00,
25.500000_78.750000,25.5,78.75,25.75,79.0,success,1027,411,https://overpass.kumi.systems/api/interpreter,2026-09-16T03:00:24.420463+00:00,
25.500000_80.750000,25.5,80.75,25.75,81.0,success,368,120,https://overpass.private.coffee/api/interpreter,2026-09-16T03:02:55.887127+00:00,
25.500000_83.000000,25.5,83.0,25.75,83.25,success,607,64,https://overpass.kumi.systems/api/interpreter,2026-09-16T03:03:06.113472+00:00,
25.500000_85.000000,25.5,85.0,25.75,85.25,success,1540,64,https://overpass.kumi.systems/api/interpreter,2026-09-16T03:03:12.491331+00:00,
25.500000_87.750000,25.5,87.75,25.75,88.0,success,221,51,https://overpass.kumi.systems/api/interpreter,2026-09-16T03:03:41.664173+00:00,
25.500000_91.000000,25.5,91.0,25.75,91.25,failed,0,362,,2026-09-16T03:05:20.184389+00:00,"All Overpass endpoints failed. Last error: HTTPSConnectionPool(host='overpass.private.coffee', port=443): Max retries exceeded with url: /api/interpreter (Caused by NameResolutionError(""<urllib3.connection.HTTPSConnection object at 0x00000240FFE82350>: Failed to resolve 'overpass.private.coffee' ([Errno 11001] getaddrinfo failed)""))"
25.500000_93.250000,25.5,93.25,25.75,93.5,success,0,68,https://overpass.private.coffee/api/interpreter,2026-09-16T03:08:22.230932+00:00,
25.750000_71.000000,25.75,71.0,26.0,71.25,success,266,5,https://overpass.kumi.systems/api/interpreter,2026-09-16T03:09:01.141550+00:00,
25.750000_73.750000,25.75,73.75,26.0,74.0,success,31,11,https://overpass.kumi.systems/api/interpreter,2026-09-16T03:10:20.185007+00:00,
25.750000_76.750000,25.75,76.75,26.0,77.0,success,169,164,https://overpass.kumi.systems/api/interpreter,2026-09-16T03:11:05.123934+00:00,
25.750000_79.000000,25.75,79.0,26.0,79.25,success,669,247,https://overpass.kumi.systems/api/interpreter,2026-09-16T03:12:12.413690+00:00,
25.750000_81.000000,25.75,81.0,26.0,81.25,success,989,99,https://overpass.kumi.systems/api/interpreter,2026-09-16T03:13:29.569424+00:00,
25.750000_83.250000,25.75,83.25,26.0,83.5,success,204,145,https://overpass.kumi.systems/api/interpreter,2026-09-16T03:14:11.688963+00:00,
25.750000_85.250000,25.75,85.25,26.0,85.5,success,762,18,https://overpass.kumi.systems/api/interpreter,2026-09-16T03:14:36.532668+00:00,
25.750000_89.750000,25.75,89.75,26.0,90.0,success,110,26,https://overpass.kumi.systems/api/interpreter,2026-09-16T03:15:17.761273+00:00,
25.750000_91.750000,25.75,91.75,26.0,92.0,success,209,340,https://overpass.kumi.systems/api/interpreter,2026-09-16T03:15:24.673743+00:00,
25.750000_94.000000,25.75,94.0,26.0,94.25,success,375,267,https://overpass.kumi.systems/api/interpreter,2026-09-16T03:17:08.666432+00:00,
26.000000_72.500000,26.0,72.5,26.25,72.75,success,200,4,https://overpass.kumi.systems/api/interpreter,2026-09-16T03:18:36.737170+00:00,
26.000000_76.000000,26.0,76.0,26.25,76.25,success,490,5,https://overpass.kumi.systems/api/interpreter,2026-09-16T03:18:40.618986+00:00,
26.000000_78.250000,26.0,78.25,26.25,78.5,failed,0,154,,2026-09-16T03:21:13.236996+00:00,"All Overpass endpoints failed. Last error: HTTPSConnectionPool(host='overpass.private.coffee', port=443): Max retries exceeded with url: /api/interpreter (Caused by NameResolutionError(""<urllib3.connection.HTTPSConnection object at 0x00000240FFE80050>: Failed to resolve 'overpass.private.coffee' ([Errno 11001] getaddrinfo failed)""))"
26.000000_80.500000,26.0,80.5,26.25,80.75,success,1584,121,https://overpass.private.coffee/api/interpreter,2026-09-16T03:21:53.753900+00:00,
26.000000_82.500000,26.0,82.5,26.25,82.75,success,313,162,https://overpass.kumi.systems/api/interpreter,2026-09-16T03:21:56.292609+00:00,
26.000000_84.750000,26.0,84.75,26.25,85.0,success,345,119,https://overpass.kumi.systems/api/interpreter,2026-09-16T03:22:00.718077+00:00,
26.000000_87.500000,26.0,87.5,26.25,87.75,success,555,10,https://overpass.kumi.systems/api/interpreter,2026-09-16T03:23:08.693888+00:00,
26.000000_90.250000,26.0,90.25,26.25,90.5,success,35,23,https://overpass.kumi.systems/api/interpreter,2026-09-16T03:24:24.871925+00:00,
26.000000_92.250000,26.0,92.25,26.25,92.5,success,429,243,https://overpass.kumi.systems/api/interpreter,2026-09-16T03:24:36.116938+00:00,
26.000000_94.500000,26.0,94.5,26.25,94.75,success,96,239,https://overpass.kumi.systems/api/interpreter,2026-09-16T03:24:43.432868+00:00,
26.250000_73.000000,26.25,73.0,26.5,73.25,success,1137,19,https://overpass.kumi.systems/api/interpreter,2026-09-16T03:25:54.833514+00:00,
26.250000_77.500000,26.25,77.5,26.5,77.75,success,373,116,https://overpass.kumi.systems/api/interpreter,2026-09-16T03:25:58.226622+00:00,
26.250000_79.500000,26.25,79.5,26.5,79.75,success,536,139,https://overpass.kumi.systems/api/interpreter,2026-09-16T03:26:02.071450+00:00,
26.250000_81.750000,26.25,81.75,26.5,82.0,success,689,127,https://overpass.private.coffee/api/interpreter,2026-09-16T03:29:26.004965+00:00,
26.250000_83.750000,26.25,83.75,26.5,84.0,success,386,429,https://overpass.private.coffee/api/interpreter,2026-09-16T03:32:50.629126+00:00,
26.250000_86.500000,26.25,86.5,26.5,86.75,success,556,14,https://overpass.kumi.systems/api/interpreter,2026-09-16T03:33:31.486711+00:00,
26.250000_90.250000,26.25,90.25,26.5,90.5,success,937,48,https://overpass.kumi.systems/api/interpreter,2026-09-16T03:34:21.509018+00:00,
26.250000_92.500000,26.25,92.5,26.5,92.75,success,171,37,https://overpass.kumi.systems/api/interpreter,2026-09-16T03:36:07.707504+00:00,
26.250000_94.500000,26.25,94.5,26.5,94.75,success,52,140,https://overpass.private.coffee/api/interpreter,2026-09-16T03:38:58.977979+00:00,
26.500000_71.750000,26.5,71.75,26.75,72.0,success,435,7,https://overpass.kumi.systems/api/interpreter,2026-09-16T03:39:39.778209+00:00,
26.500000_75.000000,26.5,75.0,26.75,75.25,success,220,9,https://overpass.kumi.systems/api/interpreter,2026-09-16T03:39:49.193244+00:00,
26.500000_77.750000,26.5,77.75,26.75,78.0,success,284,16,https://overpass.kumi.systems/api/interpreter,2026-09-16T03:41:35.011957+00:00,
26.500000_80.000000,26.5,80.0,26.75,80.25,success,1127,99,https://overpass.kumi.systems/api/interpreter,2026-09-16T03:41:39.887462+00:00,
26.500000_82.000000,26.5,82.0,26.75,82.25,success,1101,65,https://overpass.kumi.systems/api/interpreter,2026-09-16T03:41:44.278038+00:00,
26.500000_84.250000,26.5,84.25,26.75,84.5,success,113,172,https://overpass.private.coffee/api/interpreter,2026-09-16T03:45:14.688943+00:00,
26.500000_88.500000,26.5,88.5,26.75,88.75,success,1636,28,https://overpass.kumi.systems/api/interpreter,2026-09-16T03:45:20.494488+00:00,
26.500000_91.000000,26.5,91.0,26.75,91.25,success,446,105,https://overpass.kumi.systems/api/interpreter,2026-09-16T03:45:31.768641+00:00,
26.500000_93.000000,26.5,93.0,26.75,93.25,success,599,145,https://overpass.kumi.systems/api/interpreter,2026-09-16T03:45:40.850445+00:00,
26.500000_95.250000,26.5,95.25,26.75,95.5,success,0,44,https://overpass.kumi.systems/api/interpreter,2026-09-16T03:46:14.901123+00:00,
26.750000_72.750000,26.75,72.75,27.0,73.0,success,504,15,https://overpass.kumi.systems/api/interpreter,2026-09-16T03:47:58.368080+00:00,
26.750000_76.250000,26.75,76.25,27.0,76.5,success,1070,6,https://overpass.kumi.systems/api/interpreter,2026-09-16T03:49:43.972414+00:00,
26.750000_78.750000,26.75,78.75,27.0,79.0,success,1335,50,https://overpass.kumi.systems/api/interpreter,2026-09-16T03:50:19.417062+00:00,
26.750000_81.000000,26.75,81.0,27.0,81.25,success,1278,58,https://overpass.kumi.systems/api/interpreter,2026-09-16T03:51:36.200426+00:00,
26.750000_83.000000,26.75,83.0,27.0,83.25,success,993,340,https://overpass.private.coffee/api/interpreter,2026-09-16T03:55:42.550571+00:00,
26.750000_88.000000,26.75,88.0,27.0,88.25,success,424,30,https://overpass.private.coffee/api/interpreter,2026-09-16T03:59:42.851882+00:00,
26.750000_90.750000,26.75,90.75,27.0,91.0,success,81,50,https://overpass.kumi.systems/api/interpreter,2026-09-16T04:00:15.353970+00:00,
26.750000_93.000000,26.75,93.0,27.0,93.25,success,700,88,https://overpass.private.coffee/api/interpreter,2026-09-16T04:02:59.293663+00:00,
26.750000_95.000000,26.75,95.0,27.0,95.25,success,7,252,https://overpass.kumi.systems/api/interpreter,2026-09-16T04:04:08.347247+00:00,
27.000000_72.000000,27.0,72.0,27.25,72.25,success,402,11,https://overpass.private.coffee/api/interpreter,2026-09-16T04:06:07.422372+00:00,
27.000000_74.750000,27.0,74.75,27.25,75.0,success,642,3,https://overpass.kumi.systems/api/interpreter,2026-09-16T04:06:48.300001+00:00,
27.000000_77.750000,27.0,77.75,27.25,78.0,success,1666,20,https://overpass.private.coffee/api/interpreter,2026-09-16T04:09:47.046995+00:00,
27.000000_80.000000,27.0,80.0,27.25,80.25,success,158,130,https://overpass.kumi.systems/api/interpreter,2026-09-16T04:09:51.700391+00:00,
27.000000_82.250000,27.0,82.25,27.25,82.5,success,219,135,https://overpass.kumi.systems/api/interpreter,2026-09-16T04:11:14.206435+00:00,
27.000000_84.250000,27.0,84.25,27.25,84.5,success,441,200,https://overpass.private.coffee/api/interpreter,2026-09-16T04:13:51.628495+00:00,
27.000000_93.250000,27.0,93.25,27.25,93.5,success,1,81,https://overpass.private.coffee/api/interpreter,2026-09-16T04:15:42.694859+00:00,
27.000000_95.250000,27.0,95.25,27.25,95.5,success,499,91,https://overpass.private.coffee/api/interpreter,2026-09-16T04:18:02.580250+00:00,
27.250000_71.250000,27.25,71.25,27.5,71.5,success,111,15,https://overpass.kumi.systems/api/interpreter,2026-09-16T04:18:08.826744+00:00,
27.250000_77.000000,27.25,77.0,27.5,77.25,success,308,4,https://overpass.kumi.systems/api/interpreter,2026-09-16T04:19:34.193332+00:00,
27.250000_79.500000,27.25,79.5,27.5,79.75,success,334,43,https://overpass.kumi.systems/api/interpreter,2026-09-16T04:19:37.678224+00:00,
27.250000_81.500000,27.25,81.5,27.5,81.75,success,286,86,https://overpass.kumi.systems/api/interpreter,2026-09-16T04:20:27.231405+00:00,
27.250000_83.750000,27.25,83.75,27.5,84.0,success,191,180,https://overpass.private.coffee/api/interpreter,2026-09-16T04:23:14.199917+00:00,
27.250000_91.500000,27.25,91.5,27.5,91.75,success,99,4,https://overpass.kumi.systems/api/interpreter,2026-09-16T04:23:31.189668+00:00,
27.250000_93.750000,27.25,93.75,27.5,94.0,success,77,81,https://overpass.kumi.systems/api/interpreter,2026-09-16T04:24:16.586018+00:00,
27.250000_95.750000,27.25,95.75,27.5,96.0,success,48,56,https://overpass.kumi.systems/api/interpreter,2026-09-16T04:24:21.961520+00:00,
27.500000_73.500000,27.5,73.5,27.75,73.75,success,367,3,https://overpass.private.coffee/api/interpreter,2026-09-16T04:27:19.606695+00:00,
27.500000_76.500000,27.5,76.5,27.75,76.75,success,1066,16,https://overpass.kumi.systems/api/interpreter,2026-09-16T04:28:30.718959+00:00,
27.500000_79.000000,27.5,79.0,27.75,79.25,success,37,26,https://overpass.kumi.systems/api/interpreter,2026-09-16T04:28:38.008042+00:00,
27.500000_81.000000,27.5,81.0,27.75,81.25,success,3,153,https://overpass.private.coffee/api/interpreter,2026-09-16T04:32:18.261978+00:00,
27.500000_91.500000,27.5,91.5,27.75,91.75,success,1,45,https://overpass.kumi.systems/api/interpreter,2026-09-16T04:32:21.706259+00:00,
27.500000_93.500000,27.5,93.5,27.75,93.75,success,0,108,https://overpass.kumi.systems/api/interpreter,2026-09-16T04:34:11.349698+00:00,
27.500000_95.750000,27.5,95.75,27.75,96.0,success,44,81,https://overpass.kumi.systems/api/interpreter,2026-09-16T04:36:01.537802+00:00,
27.750000_73.000000,27.75,73.0,28.0,73.25,failed,0,25,,2026-09-16T04:41:08.408830+00:00,"All Overpass endpoints failed. Last error: HTTPSConnectionPool(host='overpass.private.coffee', port=443): Read timed out. (read timeout=60)"
27.750000_76.500000,27.75,76.5,28.0,76.75,success,694,17,https://overpass.kumi.systems/api/interpreter,2026-09-16T04:41:44.151869+00:00,
27.750000_78.500000,27.75,78.5,28.0,78.75,success,928,20,https://overpass.kumi.systems/api/interpreter,2026-09-16T04:41:49.414295+00:00,
27.750000_80.750000,27.75,80.75,28.0,81.0,success,426,139,https://overpass.kumi.systems/api/interpreter,2026-09-16T04:42:27.406211+00:00,
27.750000_93.000000,27.75,93.0,28.0,93.25,success,34,13,https://overpass.kumi.systems/api/interpreter,2026-09-16T04:42:31.645654+00:00,
27.750000_95.250000,27.75,95.25,28.0,95.5,success,117,107,https://overpass.kumi.systems/api/interpreter,2026-09-16T04:43:09.900085+00:00,
28.000000_72.500000,28.0,72.5,28.25,72.75,success,0,13,https://overpass.kumi.systems/api/interpreter,2026-09-16T04:44:19.411939+00:00,
28.000000_76.000000,28.0,76.0,28.25,76.25,success,1345,24,https://overpass.private.coffee/api/interpreter,2026-09-16T04:48:00.075768+00:00,
28.000000_78.000000,28.0,78.0,28.25,78.25,success,1430,53,https://overpass.kumi.systems/api/interpreter,2026-09-16T04:48:37.912179+00:00,
28.000000_80.250000,28.0,80.25,28.25,80.5,success,225,310,https://overpass.kumi.systems/api/interpreter,2026-09-16T04:49:55.762565+00:00,
28.000000_93.750000,28.0,93.75,28.25,94.0,success,16,12,https://overpass.kumi.systems/api/interpreter,2026-09-16T04:50:04.933228+00:00,
28.000000_96.000000,28.0,96.0,28.25,96.25,success,35,60,https://overpass.kumi.systems/api/interpreter,2026-09-16T04:50:56.154752+00:00,
28.250000_75.000000,28.25,75.0,28.5,75.25,success,296,3,https://overpass.kumi.systems/api/interpreter,2026-09-16T04:51:02.723928+00:00,
28.250000_77.000000,28.25,77.0,28.5,77.25,success,3931,54,https://overpass.kumi.systems/api/interpreter,2026-09-16T04:51:10.901517+00:00,
28.250000_79.250000,28.25,79.25,28.5,79.5,success,1665,46,https://overpass.private.coffee/api/interpreter,2026-09-16T04:54:40.654947+00:00,
28.250000_94.000000,28.25,94.0,28.5,94.25,success,0,11,https://overpass.kumi.systems/api/interpreter,2026-09-16T04:56:22.416432+00:00,
28.500000_73.250000,28.5,73.25,28.75,73.5,success,109,1,https://overpass.private.coffee/api/interpreter,2026-09-16T04:58:49.758497+00:00,
28.500000_77.500000,28.5,77.5,28.75,77.75,failed,0,162,,2026-09-16T05:04:43.365946+00:00,"All Overpass endpoints failed. Last error: HTTPSConnectionPool(host='overpass.private.coffee', port=443): Read timed out. (read timeout=60)"
28.500000_79.750000,28.5,79.75,28.75,80.0,success,791,222,https://overpass.kumi.systems/api/interpreter,2026-09-16T05:04:50.426115+00:00,
28.500000_95.000000,28.5,95.0,28.75,95.25,success,1,16,https://overpass.kumi.systems/api/interpreter,2026-09-16T05:04:55.103471+00:00,
28.750000_76.250000,28.75,76.25,29.0,76.5,success,971,324,https://overpass.kumi.systems/api/interpreter,2026-09-16T05:06:08.753306+00:00,
28.750000_78.250000,28.75,78.25,29.0,78.5,success,1206,59,https://overpass.kumi.systems/api/interpreter,2026-09-16T05:07:02.817243+00:00,
28.750000_94.500000,28.75,94.5,29.0,94.75,success,0,1,https://overpass.kumi.systems/api/interpreter,2026-09-16T05:08:45.154114+00:00,
29.000000_73.750000,29.0,73.75,29.25,74.0,success,609,11,https://overpass.kumi.systems/api/interpreter,2026-09-16T05:08:52.324324+00:00,
29.000000_76.500000,29.0,76.5,29.25,76.75,success,467,370,https://overpass.private.coffee/api/interpreter,2026-09-16T05:11:32.012209+00:00,
29.000000_78.500000,29.0,78.5,29.25,78.75,success,506,95,https://overpass.private.coffee/api/interpreter,2026-09-16T05:14:53.121527+00:00,
29.000000_95.750000,29.0,95.75,29.25,96.0,success,0,5,https://overpass.kumi.systems/api/interpreter,2026-09-16T05:15:42.476832+00:00,
29.250000_74.750000,29.25,74.75,29.5,75.0,success,371,90,https://overpass.kumi.systems/api/interpreter,2026-09-16T05:16:22.304609+00:00,
29.250000_77.000000,29.25,77.0,29.5,77.25,success,1531,273,https://overpass.kumi.systems/api/interpreter,2026-09-16T05:16:33.952138+00:00,
29.250000_79.000000,29.25,79.0,29.5,79.25,success,120,217,https://overpass.kumi.systems/api/interpreter,2026-09-16T05:16:42.865600+00:00,
29.500000_74.000000,29.5,74.0,29.75,74.25,success,259,168,https://overpass.kumi.systems/api/interpreter,2026-09-16T05:17:38.327878+00:00,
29.500000_76.000000,29.5,76.0,29.75,76.25,success,854,287,https://overpass.kumi.systems/api/interpreter,2026-09-16T05:19:03.121666+00:00,
29.500000_78.250000,29.5,78.25,29.75,78.5,success,646,181,https://overpass.kumi.systems/api/interpreter,2026-09-16T05:20:29.699123+00:00,
29.500000_80.250000,29.5,80.25,29.75,80.5,success,194,104,https://overpass.kumi.systems/api/interpreter,2026-09-16T05:20:38.571237+00:00,
29.750000_75.250000,29.75,75.25,30.0,75.5,failed,0,437,,2026-09-16T05:25:04.170491+00:00,"All Overpass endpoints failed. Last error: HTTPSConnectionPool(host='overpass.private.coffee', port=443): Read timed out. (read timeout=60)"
29.750000_77.250000,29.75,77.25,30.0,77.5,success,994,132,https://overpass.kumi.systems/api/interpreter,2026-09-16T05:26:28.007901+00:00,
29.750000_79.500000,29.75,79.5,30.0,79.75,success,102,345,https://overpass.private.coffee/api/interpreter,2026-09-16T05:30:01.713969+00:00,
30.000000_74.250000,30.0,74.25,30.25,74.5,success,636,332,https://overpass.private.coffee/api/interpreter,2026-09-16T05:31:26.290932+00:00,
